{
  "id": "1554303",
  "name": "traver",
  "font_family": "iconfont",
  "css_prefix_text": "icon-",
  "description": "",
  "glyphs": [
    {
      "icon_id": "526001",
      "name": "返回",
      "font_class": "fanhui",
      "unicode": "e618",
      "unicode_decimal": 58904
    },
    {
      "icon_id": "566360",
      "name": "箭头",
      "font_class": "jiantou",
      "unicode": "e64a",
      "unicode_decimal": 58954
    },
    {
      "icon_id": "3670102",
      "name": "搜索",
      "font_class": "tubiaolunkuo-",
      "unicode": "e609",
      "unicode_decimal": 58889
    }
  ]
}
